timyardley,,,,,,,,
jevinskie,,,,,,,,
uberspot,,,,,,,,
batermj,,,,,,,,
killvxk,,,,,,,,
newsoft,,,,,,,,
mukeshtiwari,,,,,,,,
gentooise,,,,,,,,
robcore,,,,,,,,
BenjaminDeuter,,,,,,,,
TxBlackWolf,,,,,,,,
sferrini,,,,,,,,
SACCPLArmy,,,,,,,,
88886,,,,,,,,
Razzile,,,,,,,,
jaapcrezee,,,,,,,,
fervagar,,,,,,,,
flycrab,,,,,,,,
maxamin,,,,,,,,
dwuid,,,,,,,,
LJ001,,,,,,,,
Sm1L3ing,,,,,,,,
geemion,,,,,,,,
long7573,,,,,,,,
3a9LL,,,,,,,,
scanfsec,,,,,,,,
schumilo,,,,,,,,
Z-0ne,,,,,,,,
brlrt,,,,,,,,
wondergoldff,,,,,,,,
webshell520,,,,,,,,
just-a-bot,,,,,,,,
xuxiaochuan,,,,,,,,
0xling,,,,,,,,
lifa123,,,,,,,,
develacker,,,,,,,,
harry1080,,,,,,,,
Yan-1-20,,,,,,,,
marcinguy,,,,,,,,
Yuuoniy,,,,,,,,
HaoQinLandv,,,,,,,,
minsle,,,,,,,,
anan555,,,,,,,,
nightroot,,,,,,,,
theLSA,,,,,,,,
AlirezaChegini,,,,,,,,
Horace2027,,,,,,,,
onezibo,,,,,,,,
git260,,,,,,,,
AreYouQQ,,,,,,,,
ihab000,,,,,,,,
egueler,,,,,,,,
jmpfbmx,,,,,,,,
FranCesco001,,,,,,,,
bo-re,,,,,,,,
tthking,,,,,,,,
ATorNinja,,,,,,,,
yzhang572172,,,,,,,,
mu00d8,,,,,,,,
mehmet-gif,,,,,,,,
karman110,,,,,,,,
mir-hossein,,,,,,,,
