meikidd,,,,,,,,
trietptm,,,,,,,,
dodola,,,,,,,,
zzjin23,,,,,,,,
lukeddy,,,,,,,,
whahuzhihao,,,,,,,,
tonghaibo,,,,,,,,
fangjianming,,,,,,,,
yzpniceboy,,,,,,,,
0532,,,,,,,,
wangcityboy,,,,,,,,
Jacktony,,,,,,,,
angusshire,,,,,,,,
YehanZhou,,,,,,,,
hanziwang,,,,,,,,
dalinhuang99,,,,,,,,
netqqnet,,,,,,,,
pranavlathigara,,,,,,,,
cjlvscjl123,,,,,,,,
mba811,,,,,,,,
Redshoee,,,,,,,,
Justyou2006,,,,,,,,
TiaossuP,,,,,,,,
ypersyntelykos,,,,,,,,
yejiayu,,,,,,,,
Ellacf,,,,,,,,
imaemo,,,,,,,,
dannyboy-vai-x,,,,,,,,
KrabsWong,,,,,,,,
kungeplay,,,,,,,,
HQCfly,,,,,,,,
Mike19800206,,,,,,,,
BangKk,,,,,,,,
Yakima-Teng,,,,,,,,
ciqulover,,,,,,,,
mstraughan86,,,,,,,,
Lisprez,,,,,,,,
record-chart,,,,,,,,
echopi,,,,,,,,
fKEpro,,,,,,,,
riyasmohamedmr,,,,,,,,
LeonDWong,,,,,,,,
weizhengda,,,,,,,,
Mark-Lyu,,,,,,,,
goplaygo,,,,,,,,
Lupeipei,,,,,,,,
hongshanzhu,,,,,,,,
leoyaojy,,,,,,,,
WebRelDesigner,,,,,,,,
AndiChiou,,,,,,,,
wangruixiang,,,,,,,,
javascript666666,,,,,,,,
minsle,,,,,,,,
hchhan89,,,,,,,,
mssm199996,,,,,,,,
lw9726,,,,,,,,
